City_ID,City,Country,Date,Lat,Lng,Max Temp,Humidity,Cloudiness,Wind Speed
0,Lagoa,PT,2022-10-03 22:42:50,39.05,-27.9833,69.13,78,99,4.03
1,Kibala,TD,2022-10-03 22:42:50,9.1104,18.3463,73.04,93,98,1.23
2,Kapaa,US,2022-10-03 22:42:51,22.0752,-159.319,84.09,61,0,12.66
3,Rikitea,PF,2022-10-03 22:42:51,-23.1203,-134.9692,70.9,71,92,18.07
4,Marilandia,BR,2022-10-03 22:42:51,-19.4128,-40.5417,75.83,84,100,4.43
5,Itarema,BR,2022-10-03 22:42:52,-2.9248,-39.9167,78.17,78,44,14.88
6,Yulara,AU,2022-10-03 22:42:52,-25.2406,130.9889,62.94,67,64,6.69
7,Ushuaia,AR,2022-10-03 22:42:53,-54.8,-68.3,47.86,61,0,3.44
8,Punta Arenas,CL,2022-10-03 22:39:57,-53.15,-70.9167,44.71,81,75,8.05
9,Port Antonio,JM,2022-10-03 22:42:53,18.18,-76.4612,85.91,78,100,0.65
10,Langham,CA,2022-10-03 22:42:05,52.3668,-106.9679,70.02,32,61,6.29
11,East London,ZA,2022-10-03 22:42:54,-33.0153,27.9116,63.3,74,100,11.97
12,San Rafael Del Sur,NI,2022-10-03 22:42:54,11.8485,-86.4384,88.77,85,71,2.04
13,Bluff,NZ,2022-10-03 22:42:54,-46.6,168.3333,53.8,74,98,24.36
14,Kamaishi,JP,2022-10-03 22:42:55,39.2667,141.8833,70.86,80,92,11.12
15,Vaini,TO,2022-10-03 22:42:55,-21.2,-175.2,80.76,83,75,14.97
16,Hofn,IS,2022-10-03 22:42:56,64.2539,-15.2082,47.64,95,100,15.19
17,Port Alfred,ZA,2022-10-03 22:42:56,-33.5906,26.891,60.19,85,95,3.0
18,Arraial Do Cabo,BR,2022-10-03 22:42:56,-22.9661,-42.0278,68.41,85,90,6.02
19,Longyearbyen,SJ,2022-10-03 22:42:57,78.2186,15.6401,35.44,87,75,2.3
20,Avarua,CK,2022-10-03 22:42:57,-21.2078,-159.775,78.85,73,20,20.71
21,New Norfolk,AU,2022-10-03 22:42:57,-42.7826,147.0587,52.72,63,80,3.6
22,Butaritari,KI,2022-10-03 22:42:58,3.0707,172.7902,81.66,73,28,10.69
23,Port Elizabeth,ZA,2022-10-03 22:42:58,-33.918,25.5701,61.09,81,0,16.11
24,Kutum,SD,2022-10-03 22:42:59,14.2,24.6667,74.23,42,94,10.11
25,Oksfjord,NO,2022-10-03 22:42:59,70.2396,22.3479,44.78,81,100,6.6
26,Yakima,US,2022-10-03 22:42:59,46.4665,-120.6678,84.85,33,0,5.75
27,Ribeira Grande,PT,2022-10-03 22:43:00,38.5167,-28.7,70.11,81,99,3.76
28,Yucca Valley,US,2022-10-03 22:43:00,34.1142,-116.4322,89.91,29,18,5.99
29,Provideniya,RU,2022-10-03 22:43:00,64.3833,-173.3,39.36,87,0,8.99
30,Hualmay,PE,2022-10-03 22:43:01,-11.0964,-77.6139,63.64,80,19,9.95
31,Vila Do Maio,CV,2022-10-03 22:43:01,15.1333,-23.2167,79.59,79,99,15.26
32,Busselton,AU,2022-10-03 22:43:02,-33.65,115.3333,50.45,75,0,9.91
33,Hermanus,ZA,2022-10-03 22:43:02,-34.4187,19.2345,53.8,78,0,7.83
34,Luanda,AO,2022-10-03 22:40:41,-8.8368,13.2343,73.4,83,20,6.91
35,Nikolskoye,RU,2022-10-03 22:39:13,59.7035,30.7861,46.29,98,100,5.28
36,Albany,US,2022-10-03 22:38:17,42.6001,-73.9662,52.56,66,100,3.83
37,Olafsvik,IS,2022-10-03 22:43:03,64.8945,-23.7142,44.33,84,100,27.67
38,Chokurdakh,RU,2022-10-03 22:43:03,70.6333,147.9167,22.39,89,99,5.5
39,Tiksi,RU,2022-10-03 22:43:04,71.6872,128.8694,19.74,90,98,10.96
40,Pahrump,US,2022-10-03 22:42:24,36.2083,-115.9839,91.49,18,20,5.01
41,Qaanaaq,GL,2022-10-03 22:43:04,77.484,-69.3632,15.73,72,100,6.73
42,El Alto,PE,2022-10-03 22:43:05,-4.2714,-81.2147,67.66,82,85,17.6
43,Saskylakh,RU,2022-10-03 22:43:05,71.9167,114.0833,11.93,98,99,5.1
44,Arlit,NE,2022-10-03 22:43:05,18.7369,7.3853,93.18,12,1,7.96
45,Serik,TR,2022-10-03 22:44:06,36.9169,31.0989,74.75,59,1,3.44
46,Rovaniemi,FI,2022-10-03 22:44:07,66.5,25.7167,44.01,100,100,3.44
47,Bac Lieu,VN,2022-10-03 22:44:07,9.285,105.7244,78.1,89,100,6.93
48,Mataura,NZ,2022-10-03 22:44:07,-46.1927,168.8643,53.47,49,100,10.4
49,Yaan,NG,2022-10-03 22:44:08,7.3833,8.5667,73.63,89,61,4.29
50,Hasaki,JP,2022-10-03 22:44:08,35.7333,140.8333,78.22,69,67,18.95
51,Matagami,CA,2022-10-03 22:44:08,49.7502,-77.6328,64.51,48,0,8.05
52,Coquimbo,CL,2022-10-03 22:43:17,-29.9533,-71.3436,56.93,76,75,9.22
53,Atuona,PF,2022-10-03 22:44:09,-9.8,-139.0333,76.66,72,13,17.63
54,Bredasdorp,ZA,2022-10-03 22:44:09,-34.5322,20.0403,50.59,87,0,6.51
55,Bogande,BF,2022-10-03 22:44:10,12.9714,-0.1436,83.73,61,1,11.88
56,Pisco,PE,2022-10-03 22:44:10,-13.7,-76.2167,62.65,82,20,17.27
57,Mukhen,RU,2022-10-03 22:44:10,48.1,136.1,34.81,78,56,10.83
58,Ballina,AU,2022-10-03 22:44:11,-28.8667,153.5667,64.02,84,29,1.77
59,Okhotsk,RU,2022-10-03 22:44:11,59.3833,143.3,35.62,59,100,6.26
60,Araouane,ML,2022-10-03 22:41:54,18.9048,-3.5265,96.78,17,31,10.27
61,Orono,US,2022-10-03 22:44:12,44.8831,-68.672,49.5,67,20,0.0
62,Maniitsoq,GL,2022-10-03 22:44:12,65.4167,-52.9,33.76,71,48,4.25
63,Kulu,TR,2022-10-03 22:44:12,39.0951,33.0799,57.94,44,12,7.18
64,Iqaluit,CA,2022-10-03 22:44:13,63.7506,-68.5145,35.33,93,100,17.27
65,Pochutla,MX,2022-10-03 22:44:13,15.7432,-96.4661,86.83,79,26,4.68
66,Torbay,CA,2022-10-03 22:44:13,47.6666,-52.7314,46.17,70,40,6.91
67,Cherskiy,RU,2022-10-03 22:41:58,68.75,161.3,27.05,77,100,7.18
68,Saldanha,ZA,2022-10-03 22:44:14,-33.0117,17.9442,48.25,78,0,7.9
69,Araquari,BR,2022-10-03 22:44:14,-26.3703,-48.7211,64.33,88,75,2.3
70,Georgetown,MY,2022-10-03 22:43:57,5.4112,100.3354,78.73,95,20,0.0
71,Cansancao,BR,2022-10-03 22:44:15,-10.6672,-39.4992,78.24,38,20,13.6
72,Baoqing,CN,2022-10-03 22:44:15,46.3317,132.2111,36.1,60,1,11.7
73,Kodiak,US,2022-10-03 22:44:16,57.79,-152.4072,51.31,76,100,10.36
74,Rocha,UY,2022-10-03 22:44:16,-34.4833,-54.3333,47.43,86,28,4.54
75,Mayo,US,2022-10-03 22:44:04,38.8876,-76.5119,51.75,90,100,10.36
76,Aykhal,RU,2022-10-03 22:44:17,66.0,111.5,9.14,99,98,5.48
77,Mahebourg,MU,2022-10-03 22:44:17,-20.4081,57.7,71.26,77,20,10.36
78,Saint George,US,2022-10-03 22:42:04,37.1041,-113.5841,84.79,29,0,10.36
79,Mackay,AU,2022-10-03 22:44:18,-21.15,149.2,70.68,68,97,15.26
80,Clyde River,CA,2022-10-03 22:44:18,70.4692,-68.5914,30.43,93,100,4.61
81,Cap Malheureux,MU,2022-10-03 22:44:18,-19.9842,57.6142,71.47,69,38,5.99
82,Novoilinsk,RU,2022-10-03 22:44:19,51.6829,108.7143,24.98,84,97,2.26
83,Dunda,TZ,2022-10-03 22:44:19,-8.1167,34.25,64.83,48,43,2.75
84,Ponta Do Sol,PT,2022-10-03 22:44:19,32.6667,-17.1,71.71,68,22,2.35
85,Sioux Lookout,CA,2022-10-03 22:44:20,50.1001,-91.917,59.07,82,100,2.3
86,Novorzhev,RU,2022-10-03 22:44:20,57.0294,29.3338,43.65,94,100,5.06
87,Shimoda,JP,2022-10-03 22:44:21,34.6667,138.95,78.1,70,36,8.88
88,La Asuncion,VE,2022-10-03 22:44:21,11.0333,-63.8628,85.73,70,100,12.66
89,Mahibadhoo,MV,2022-10-03 22:44:21,3.7833,72.9667,81.88,77,100,16.4
90,Massakory,TD,2022-10-03 22:44:22,12.996,15.7293,86.29,42,7,8.05
91,Dolores,AR,2022-10-03 22:44:22,-36.3132,-57.6792,47.88,81,41,8.16
92,Bandarbeyla,SO,2022-10-03 22:44:23,9.4942,50.8122,77.63,79,94,20.78
93,Katakwi,UG,2022-10-03 22:44:23,1.8911,33.9661,65.08,93,100,0.65
94,Rio Gallegos,AR,2022-10-03 22:41:33,-51.6226,-69.2181,53.65,50,0,4.61
95,Northam,GB,2022-10-03 22:45:23,51.0333,-4.2167,57.61,95,59,9.75
96,Touros,BR,2022-10-03 22:45:24,-5.1989,-35.4608,77.2,75,33,15.93
97,Chuy,UY,2022-10-03 22:45:24,-33.6971,-53.4616,51.42,79,26,7.47
98,Hobart,AU,2022-10-03 22:45:02,-42.8794,147.3294,54.05,56,40,13.8
99,Ancud,CL,2022-10-03 22:43:22,-41.8697,-73.8203,48.18,92,100,12.68
100,Anadyr,RU,2022-10-03 22:44:43,64.75,177.4833,30.7,100,100,4.47
101,Maragogi,BR,2022-10-03 22:45:25,-9.0122,-35.2225,74.21,77,3,8.21
102,Bara,NG,2022-10-03 22:45:25,10.3744,10.7288,75.25,92,96,10.11
103,Sikasso,ML,2022-10-03 22:45:26,10.9167,-7.0,75.4,85,51,3.09
104,Manaure,CO,2022-10-03 22:45:26,11.7751,-72.4445,86.88,58,5,13.4
105,Bouza,NE,2022-10-03 22:45:26,14.4229,6.0428,87.13,51,72,11.23
106,Saint-Philippe,RE,2022-10-03 22:45:27,-21.3585,55.7679,69.39,82,42,11.41
107,Namibe,AO,2022-10-03 22:45:27,-15.1961,12.1522,66.96,86,95,3.15
108,Camabatela,AO,2022-10-03 22:45:28,-8.1881,15.375,63.43,98,91,3.42
109,Batsfjord,NO,2022-10-03 22:45:28,70.6345,29.7185,38.98,93,100,5.75
110,San Lawrenz,MT,2022-10-03 22:45:28,36.0553,14.204,73.85,80,75,1.99
111,Murgab,TM,2022-10-03 22:45:29,37.4966,61.9714,55.27,47,0,6.91
112,Sweetwater,US,2022-10-03 22:43:26,25.7634,-80.3731,85.01,62,75,8.05
113,Omsukchan,RU,2022-10-03 22:45:29,62.5333,155.8,15.17,93,98,5.57
114,Victoria,HK,2022-10-03 22:40:46,22.2855,114.1577,84.18,86,9,4.0
115,Moscow,RU,2022-10-03 22:42:46,55.7522,37.6156,52.38,89,99,19.39
116,Westonaria,ZA,2022-10-03 22:45:30,-26.3191,27.6486,72.86,23,6,6.49
117,Sinnamary,GF,2022-10-03 22:45:30,5.3833,-52.95,79.3,86,76,10.25
118,Alta Floresta,BR,2022-10-03 22:45:31,-9.8756,-56.0861,78.33,62,81,2.95
119,Khatanga,RU,2022-10-03 22:45:31,71.9667,102.5,14.16,88,100,7.47
120,Stephenville,US,2022-10-03 22:45:32,32.2207,-98.2023,84.33,23,0,9.22
121,Jamestown,US,2022-10-03 22:44:29,42.097,-79.2353,54.99,51,0,8.05
122,Ailigandi,PA,2022-10-03 22:45:32,9.2333,-78.0167,82.56,79,89,9.04
123,Meadow Lake,US,2022-10-03 22:45:32,34.8014,-106.5436,74.61,43,71,8.5
124,Ahipara,NZ,2022-10-03 22:45:33,-35.1667,173.1667,59.04,68,77,10.11
125,Lebu,CL,2022-10-03 22:45:33,-37.6167,-73.65,51.48,92,100,10.33
126,Port Lincoln,AU,2022-10-03 22:45:34,-34.7333,135.8667,57.4,93,100,26.53
127,Castro,BR,2022-10-03 22:40:38,-24.7911,-50.0119,56.95,96,60,3.96
128,Zapolyarnyy,RU,2022-10-03 22:45:34,69.4154,30.8136,33.08,86,85,1.68
129,Mehamn,NO,2022-10-03 22:45:34,71.0357,27.8492,37.31,100,20,2.3
130,Hilo,US,2022-10-03 22:45:35,19.7297,-155.09,87.28,78,20,10.36
131,Veraval,IN,2022-10-03 22:45:35,20.9,70.3667,78.87,80,29,7.81
132,Aranos,NA,2022-10-03 22:45:36,-24.1333,19.1167,71.76,17,22,7.76
133,Norman Wells,CA,2022-10-03 22:42:22,65.282,-126.8329,37.44,87,100,2.3
134,Talnakh,RU,2022-10-03 22:45:37,69.4865,88.3972,34.21,92,100,20.07
135,Bokhan,RU,2022-10-03 22:45:37,53.153,103.7714,30.99,68,100,0.4
136,Itoman,JP,2022-10-03 22:45:37,26.1247,127.6694,81.37,81,20,3.44
137,Tignere,CM,2022-10-03 22:45:38,7.3667,12.65,64.85,91,100,1.52
138,Monrovia,LR,2022-10-03 22:45:38,6.3005,-10.7969,75.15,91,47,5.97
139,Amapa,BR,2022-10-03 22:45:39,1.0,-52.0,80.38,66,100,4.32
140,Lavrentiya,RU,2022-10-03 22:46:39,65.5833,-171.0,39.42,68,3,3.89
141,Hithadhoo,MV,2022-10-03 22:44:31,-0.6,73.0833,81.73,71,98,15.3
142,Verkhoyansk,RU,2022-10-03 22:46:39,67.5447,133.385,21.09,94,97,2.53
143,Champerico,GT,2022-10-03 22:46:40,14.3,-91.9167,86.54,75,29,7.0
144,Zhezkazgan,KZ,2022-10-03 22:46:40,47.8043,67.7144,37.15,34,0,11.83
145,Katsuura,JP,2022-10-03 22:46:41,35.1333,140.3,76.98,72,55,18.03
146,Tra Vinh,VN,2022-10-03 22:46:41,9.9347,106.3453,76.55,94,92,4.85
147,Yabelo,ET,2022-10-03 22:46:42,4.8833,38.0833,62.2,60,88,7.61
148,Voi,KE,2022-10-03 22:46:42,-3.3945,38.563,66.52,81,33,6.93
149,Diffa,NE,2022-10-03 22:46:42,13.3154,12.6113,87.4,38,2,5.64
150,Namatanai,PG,2022-10-03 22:45:54,-3.6667,152.4333,84.88,64,98,6.42
151,Bathsheba,BB,2022-10-03 22:43:18,13.2167,-59.5167,83.01,78,20,12.66
152,Mamallapuram,IN,2022-10-03 22:46:43,12.6264,80.1722,84.25,68,100,7.11
153,Lucapa,AO,2022-10-03 22:46:43,-8.4192,20.7447,67.19,85,49,3.91
154,Tuatapere,NZ,2022-10-03 22:46:44,-46.1333,167.6833,52.43,64,99,10.63
155,Redlands,US,2022-10-03 22:45:06,34.0556,-117.1825,91.8,43,20,4.61
156,Kolomna,RU,2022-10-03 22:46:44,55.0794,38.7783,49.26,84,45,17.98
157,Naze,JP,2022-10-03 22:46:45,28.3667,129.4833,79.72,76,18,7.05
158,Monastyrshchina,RU,2022-10-03 22:46:45,54.3496,31.838,38.71,97,100,14.09
159,Tasiilaq,GL,2022-10-03 22:46:45,65.6145,-37.6368,33.96,99,100,7.23
160,Cayenne,GF,2022-10-03 22:46:46,4.9333,-52.3333,80.64,78,0,6.91
161,Tura,IN,2022-10-03 22:46:46,25.5198,90.2201,72.57,97,100,2.91
162,Yellowknife,CA,2022-10-03 22:46:46,62.456,-114.3525,48.72,57,75,10.36
163,Tieling,CN,2022-10-03 22:46:47,42.2931,123.8414,37.15,49,0,11.74
164,Lincoln,US,2022-10-03 22:44:28,40.8,-96.667,82.17,27,54,5.01
165,Guarapuava,BR,2022-10-03 22:44:39,-25.3953,-51.4581,55.58,95,50,1.32
166,Rio Grande,BR,2022-10-03 22:46:48,-32.035,-52.0986,57.31,66,21,12.01
167,Belyy Yar,RU,2022-10-03 22:46:48,53.6039,91.3903,19.29,93,18,0.0
168,Dunedin,NZ,2022-10-03 22:46:49,-45.8742,170.5036,54.03,44,99,3.74
169,Tuktoyaktuk,CA,2022-10-03 22:46:49,69.4541,-133.0374,24.8,86,100,16.11
170,Kisii,KE,2022-10-03 22:46:49,-0.6817,34.7667,60.19,87,100,3.13
171,Tutoia,BR,2022-10-03 22:46:50,-2.7619,-42.2744,78.75,80,28,13.35
172,Liuhe,CN,2022-10-03 22:46:50,42.2401,125.7172,34.54,85,71,5.77
173,Suruc,TR,2022-10-03 22:46:51,36.9761,38.425,74.64,49,3,2.01
174,Esperance,AU,2022-10-03 22:46:51,-33.8667,121.9,57.04,86,98,12.03
175,Oistins,BB,2022-10-03 22:46:51,13.0667,-59.5333,82.49,78,20,12.66
176,Kargasok,RU,2022-10-03 22:46:52,59.0556,80.8572,30.09,81,81,9.69
177,Sylva,RU,2022-10-03 22:46:52,58.0348,56.7635,49.37,83,100,5.12
178,Kruisfontein,ZA,2022-10-03 22:46:53,-34.0033,24.7314,55.89,76,100,13.22
179,Aklavik,CA,2022-10-03 22:46:53,68.2191,-135.0107,30.4,85,83,7.74
180,Cape Town,ZA,2022-10-03 22:46:54,-33.9258,18.4232,57.09,76,20,5.75
181,Kumta,IN,2022-10-03 22:46:54,14.4167,74.4,76.77,91,100,6.33
182,Yen Bai,VN,2022-10-03 22:46:54,21.7,104.8667,72.9,96,50,2.37
183,Bosaso,SO,2022-10-03 22:46:55,11.2842,49.1816,85.48,52,2,3.42
184,Rantepao,ID,2022-10-03 22:46:55,-2.9701,119.8978,69.67,93,53,1.12
185,Port Hedland,AU,2022-10-03 22:46:55,-20.3167,118.5667,69.85,83,0,6.91
186,Znamenskoye,RU,2022-10-03 22:46:56,57.1281,73.8282,36.41,64,98,8.99
187,Yeppoon,AU,2022-10-03 22:47:56,-23.1333,150.7333,69.58,53,31,15.08
188,Susehri,TR,2022-10-03 22:47:56,40.1644,38.0867,56.1,91,31,1.77
189,Bilma,NE,2022-10-03 22:47:57,18.6853,12.9164,88.21,15,0,10.71
190,Acarau,BR,2022-10-03 22:47:57,-2.8856,-40.12,78.28,79,48,16.46
191,Salon,IN,2022-10-03 22:47:58,26.0333,81.45,77.7,78,40,6.49
192,Wanning,CN,2022-10-03 22:47:58,18.8003,110.3967,79.39,86,98,1.86
193,Cotonou,BJ,2022-10-03 22:47:58,6.3654,2.4183,78.78,89,40,11.5
194,Jurm,AF,2022-10-03 22:47:59,36.8648,70.8342,52.11,61,5,2.8
195,Bilibino,RU,2022-10-03 22:48:00,68.0546,166.4372,25.23,75,100,2.73
196,Guerrero Negro,MX,2022-10-03 22:45:52,27.9769,-114.0611,72.61,71,70,16.37
197,Eyl,SO,2022-10-03 22:48:00,7.9803,49.8164,75.79,82,32,14.9
198,Gorey,IE,2022-10-03 22:48:01,52.6747,-6.2925,61.57,90,94,16.87
199,Ako,JP,2022-10-03 22:48:01,34.75,134.4,78.37,76,60,2.62
200,Sheridan,US,2022-10-03 22:48:02,44.8333,-106.9173,57.02,83,100,16.11
201,Dingle,PH,2022-10-03 22:48:02,10.9995,122.6711,78.76,89,100,4.41
202,Souillac,MU,2022-10-03 22:48:02,-20.5167,57.5167,68.38,77,20,10.36
203,Eau Claire,US,2022-10-03 22:48:03,44.8114,-91.4985,66.58,62,0,5.75
204,Goundam,ML,2022-10-03 22:48:03,16.4145,-3.6708,95.67,23,8,7.96
205,Codrington,AU,2022-10-03 22:48:03,-38.2667,141.9667,54.19,78,97,14.03
206,Thompson,CA,2022-10-03 22:43:49,55.7435,-97.8558,57.36,38,20,4.61
207,Faanui,PF,2022-10-03 22:48:04,-16.4833,-151.75,78.73,74,3,15.32
208,Urumqi,CN,2022-10-03 22:48:04,43.801,87.6005,38.35,52,0,6.71
209,Jinka,ET,2022-10-03 22:48:05,5.65,36.65,64.72,74,99,3.69
210,Porto Velho,BR,2022-10-03 22:46:08,-8.7619,-63.9039,75.25,94,75,3.44
211,Maxixe,MZ,2022-10-03 22:48:05,-23.8597,35.3472,71.04,90,0,10.2
212,Zhigansk,RU,2022-10-03 22:48:06,66.7697,123.3711,24.12,94,97,9.48
213,Palora,EC,2022-10-03 22:48:06,-1.7,-77.9333,71.71,89,95,3.11
214,Laguna,US,2022-10-03 22:48:06,38.421,-121.4238,90.09,39,0,9.22
215,Blagoyevo,RU,2022-10-03 22:48:07,63.3667,47.9167,42.64,94,100,7.9
216,Luang Prabang,LA,2022-10-03 22:48:07,19.8856,102.1347,69.51,100,89,1.21
217,Barrow,US,2022-10-03 22:48:08,71.2906,-156.7887,24.82,93,100,19.57
218,Sao Jose Da Coroa Grande,BR,2022-10-03 22:45:54,-8.8978,-35.1478,74.43,77,6,8.3
219,Sao Felix Do Xingu,BR,2022-10-03 22:48:08,-6.6447,-51.995,85.05,36,80,3.36
220,Camopi,GF,2022-10-03 22:48:09,3.1655,-52.3158,76.51,79,87,2.82
221,Nishihara,JP,2022-10-03 22:48:09,26.1842,127.7558,80.65,80,40,5.75
222,Manacor,ES,2022-10-03 22:48:09,39.5696,3.2096,69.39,72,100,2.75
223,Saint-Pierre,RE,2022-10-03 22:48:10,-21.3393,55.4781,69.48,68,75,5.75
224,Saint Anthony,US,2022-10-03 22:45:06,45.0205,-93.218,76.12,43,0,12.66
225,Panjab,AF,2022-10-03 22:48:10,34.388,67.0233,38.68,25,0,2.44
226,Antofagasta,CL,2022-10-03 22:48:11,-23.65,-70.4,58.28,79,16,6.15
227,Inirida,CO,2022-10-03 22:43:50,3.8653,-67.9239,78.67,78,80,2.62
228,Morro Bay,US,2022-10-03 22:48:11,35.3658,-120.8499,92.93,59,14,8.01
229,Turukhansk,RU,2022-10-03 22:48:12,65.8167,87.9833,31.17,79,79,18.86
230,Nanortalik,GL,2022-10-03 22:49:12,60.1432,-45.2371,36.77,76,41,11.99
231,Ust-Maya,RU,2022-10-03 22:49:12,60.4167,134.5333,25.32,82,95,6.76
232,Pimentel,PE,2022-10-03 22:49:13,-6.8367,-79.9342,64.69,72,20,24.16
233,Okato,NZ,2022-10-03 22:49:13,-39.2,173.8833,55.69,56,4,5.5
234,Vao,NC,2022-10-03 22:49:13,-22.6667,167.4833,69.26,66,20,15.19
235,Kavaratti,IN,2022-10-03 22:49:14,10.5669,72.642,81.27,79,100,16.35
236,Mogadouro,PT,2022-10-03 22:49:14,41.3403,-6.7119,62.26,37,1,2.51
237,Ugoofaaru,MV,2022-10-03 22:49:15,5.6667,73.0,81.46,78,99,17.43
238,Oktyabrskoye,RU,2022-10-03 22:49:15,43.0645,44.7417,53.74,93,87,2.24
239,Umm Kaddadah,SD,2022-10-03 22:49:16,13.6017,26.6876,89.15,29,42,6.13
240,Mutis,CO,2022-10-03 22:49:16,6.2262,-77.4044,80.02,86,75,4.9
241,Cubuk,TR,2022-10-03 22:49:16,40.2386,33.0322,55.76,66,0,1.14
242,Elliot Lake,CA,2022-10-03 22:49:17,46.3834,-82.6331,48.45,61,78,4.43
243,Pafos,CY,2022-10-03 22:49:17,34.7667,32.4167,74.98,69,0,9.22
244,Muros,ES,2022-10-03 22:49:18,42.7762,-9.0603,60.84,94,1,2.39
245,Sharan,RU,2022-10-03 22:49:18,54.8167,54.0,46.56,47,7,8.86
246,Khrebtovaya,RU,2022-10-03 22:49:18,56.7032,104.2494,22.57,96,95,0.72
247,Dikson,RU,2022-10-03 22:49:19,73.5069,80.5464,31.6,99,100,5.86
248,Samarai,PG,2022-10-03 22:49:19,-10.6167,150.6667,81.57,82,85,13.6
249,Shihezi,CN,2022-10-03 22:49:20,44.3,86.0333,42.76,25,78,5.06
250,Aswan,EG,2022-10-03 22:49:20,24.0934,32.907,88.9,20,0,6.91
251,Pevek,RU,2022-10-03 22:49:20,69.7008,170.3133,29.14,77,100,8.84
252,Miri,MY,2022-10-03 22:49:21,4.4148,114.0089,73.54,100,40,3.44
253,Nyurba,RU,2022-10-03 22:49:21,63.2842,118.3319,25.65,84,97,6.42
254,Laela,TZ,2022-10-03 22:49:22,-8.5667,32.05,63.52,37,6,0.49
255,Bud,US,2022-10-03 22:49:22,39.447,-86.1758,69.78,35,5,7.02
256,Korla,CN,2022-10-03 22:48:14,41.7597,86.1469,49.33,25,33,8.52
257,Rawson,AR,2022-10-03 22:49:22,-43.3002,-65.1023,57.2,64,100,15.7
258,Gat,IL,2022-10-03 22:49:23,31.61,34.7642,75.88,100,0,2.8
259,North Aurora,US,2022-10-03 22:49:23,41.8061,-88.3273,69.19,49,0,1.01
260,Lorengau,PG,2022-10-03 22:49:24,-2.0226,147.2712,85.01,68,70,9.73
261,Vila Franca Do Campo,PT,2022-10-03 22:49:24,37.7167,-25.4333,76.19,93,47,11.14
262,Puerto Ayora,EC,2022-10-03 22:49:24,-0.7393,-90.3518,75.16,91,95,1.99
263,Byron Bay,AU,2022-10-03 22:49:25,-28.65,153.6167,63.95,61,40,1.72
264,Salalah,OM,2022-10-03 22:49:25,17.0151,54.0924,77.09,83,40,3.44
265,Tres Arroyos,AR,2022-10-03 22:49:26,-38.3739,-60.2798,59.07,38,92,12.33
266,Srednekolymsk,RU,2022-10-03 22:48:41,67.45,153.6833,25.45,81,97,3.13
267,Broome,US,2022-10-03 22:49:26,42.2506,-75.833,53.65,67,0,3.44
268,Severo-Kurilsk,RU,2022-10-03 22:49:26,50.6789,156.125,52.03,81,96,11.5
269,Benjamin Aceval,PY,2022-10-03 22:49:27,-24.9667,-57.5667,77.14,57,0,5.66
270,Bambous Virieux,MU,2022-10-03 22:49:27,-20.3428,57.7575,71.22,77,20,10.36
271,Tucuman,AR,2022-10-03 22:49:28,-26.8241,-65.2226,82.4,30,0,17.27
272,Kyaikkami,MM,2022-10-03 22:49:28,16.08,97.5675,76.95,87,87,7.99
273,Sao Filipe,CV,2022-10-03 22:44:35,14.8961,-24.4956,79.72,80,100,13.33
274,Najran,SA,2022-10-03 22:49:29,17.4924,44.1277,72.25,21,1,2.35
275,Funehiki,JP,2022-10-03 22:49:29,37.4333,140.5833,68.02,82,94,11.23
276,Chapais,CA,2022-10-03 22:47:47,49.7834,-74.8492,55.18,68,56,6.15
277,Gimli,CA,2022-10-03 22:50:30,50.6336,-96.9907,59.02,94,91,4.61
278,Cidreira,BR,2022-10-03 22:50:30,-30.1811,-50.2056,57.0,71,10,12.71
279,Strezhevoy,RU,2022-10-03 22:50:30,60.7333,77.5889,36.23,92,100,13.13
280,El Fuerte,MX,2022-10-03 22:46:28,26.4189,-108.6194,92.39,36,3,11.36
281,Auray,FR,2022-10-03 22:50:31,47.6703,-2.9918,59.81,94,9,3.0
282,Asau,RO,2022-10-03 22:50:31,46.4333,26.4,47.32,85,64,4.9
283,Shestakovo,RU,2022-10-03 22:50:32,56.4915,103.96,23.94,99,89,0.69
284,Lata,PT,2022-10-03 22:48:38,40.1629,-8.3327,66.92,60,1,1.92
285,Raudeberg,NO,2022-10-03 22:50:32,61.9875,5.1352,50.95,1,100,13.09
286,Talara,PE,2022-10-03 22:50:33,-4.5772,-81.2719,70.56,68,0,17.27
287,Sao Joao Da Barra,BR,2022-10-03 22:46:38,-21.6403,-41.0511,71.69,93,97,8.72
288,Tanout,NE,2022-10-03 22:50:33,14.9709,8.8879,90.48,18,6,6.42
289,Muroto,JP,2022-10-03 22:50:33,33.2833,134.15,78.06,75,47,12.41
290,Ranfurly,NZ,2022-10-03 22:50:34,-45.1333,170.1,58.1,44,49,8.34
291,Minab,IR,2022-10-03 22:50:34,27.1467,57.0801,82.58,72,0,2.19
292,Khorixas,NA,2022-10-03 22:50:35,-20.3667,14.9667,69.67,32,50,5.44
293,Kambove,CD,2022-10-03 22:50:35,-10.8764,26.5969,66.24,29,2,3.15
294,Comodoro Rivadavia,AR,2022-10-03 22:50:36,-45.8667,-67.5,66.06,42,0,8.05
295,Carnarvon,AU,2022-10-03 22:50:36,-24.8667,113.6333,65.44,49,0,8.5
296,Kaitangata,NZ,2022-10-03 22:50:36,-46.2817,169.8464,53.55,49,100,10.69
297,Preobrazheniye,RU,2022-10-03 22:50:37,42.9019,133.9064,45.1,69,100,10.85
298,Lake Cowichan,CA,2022-10-03 22:50:37,48.825,-124.0546,77.2,33,0,1.7
299,Trairi,BR,2022-10-03 22:49:19,-3.2778,-39.2689,77.86,77,33,10.67
300,Natal,BR,2022-10-03 22:50:38,-5.795,-35.2094,80.82,74,0,10.36
301,Ostrovnoy,RU,2022-10-03 22:50:38,68.0531,39.5131,42.69,91,100,7.49
302,Caruray,PH,2022-10-03 22:50:38,10.3094,119.0128,80.87,80,100,4.63
303,Hirata,JP,2022-10-03 22:50:39,35.4333,132.8167,76.96,69,75,4.61
304,Abalak,RU,2022-10-03 22:50:39,58.1286,68.5944,46.8,56,100,10.4
305,Mangalia,RO,2022-10-03 22:50:39,43.8,28.5833,57.72,63,45,15.32
306,Frutal,BR,2022-10-03 22:50:40,-20.0247,-48.9406,79.75,49,54,2.3
307,Kassala,SD,2022-10-03 22:50:40,15.451,36.4,83.73,51,60,6.42
308,San Carlos De Bariloche,AR,2022-10-03 22:48:14,-41.1456,-71.3082,53.35,44,40,21.85
309,Yumen,CN,2022-10-03 22:50:41,40.2833,97.2,37.99,42,0,13.89
310,Vostok,RU,2022-10-03 22:50:41,46.4856,135.8833,29.08,91,98,11.32
311,Kahului,US,2022-10-03 22:48:05,20.8947,-156.47,79.97,90,100,10.36
312,Faya,SA,2022-10-03 22:50:42,18.3851,42.4509,62.71,52,20,3.27
313,Teahupoo,PF,2022-10-03 22:50:42,-17.8333,-149.2667,75.16,81,21,21.52
314,Porto Novo,BJ,2022-10-03 22:50:42,6.4965,2.6036,78.62,90,66,5.97
315,Upernavik,GL,2022-10-03 22:50:43,72.7868,-56.1549,23.11,76,100,8.52
316,Voh,NC,2022-10-03 22:50:43,-20.9667,164.7,77.81,49,5,13.06
317,Onega,RU,2022-10-03 22:50:44,63.9061,38.1404,41.52,87,100,11.72
318,Povenets,RU,2022-10-03 22:50:44,62.8487,34.8262,43.23,93,100,14.72
319,Sechura,PE,2022-10-03 22:50:44,-5.5569,-80.8222,68.16,70,72,18.79
320,Marienburg,PL,2022-10-03 22:48:26,54.0359,19.0266,53.04,91,50,10.07
321,Knysna,ZA,2022-10-03 22:50:45,-34.0363,23.0471,57.99,80,98,7.63
322,Svetlogorsk,BY,2022-10-03 22:51:45,52.6333,29.7333,39.9,97,100,11.59
323,Goma,CD,2022-10-03 22:48:50,-1.6792,29.2228,62.38,79,50,3.71
324,Richards Bay,ZA,2022-10-03 22:51:46,-28.783,32.0377,69.96,81,98,17.29
325,General Roca,AR,2022-10-03 22:51:46,-39.0333,-67.5833,62.62,80,100,13.56
326,Nuuk,GL,2022-10-03 22:51:47,64.1835,-51.7216,34.88,79,8,5.14
327,Shingu,JP,2022-10-03 22:51:47,33.7333,135.9833,75.06,71,65,2.53
328,Mumford,GH,2022-10-03 22:51:47,5.2618,-0.759,76.15,92,55,7.81
329,Bairnsdale,AU,2022-10-03 22:51:48,-37.8333,147.6167,58.05,83,92,1.01
330,Spirit River,CA,2022-10-03 22:51:48,55.7833,-118.8361,64.83,36,29,8.72
331,Palafrugell,ES,2022-10-03 22:51:49,41.9174,3.1631,63.34,55,86,5.41
332,Kavieng,PG,2022-10-03 22:51:49,-2.5744,150.7967,84.4,68,98,10.38
333,Pitimbu,BR,2022-10-03 22:51:49,-7.4706,-34.8086,77.59,75,2,10.85
334,Port-Gentil,GA,2022-10-03 22:51:50,-0.7193,8.7815,78.76,83,75,12.66
335,Sinnar,SD,2022-10-03 22:51:50,13.5691,33.5672,77.95,67,98,19.66
336,Pachino,IT,2022-10-03 22:51:50,36.7186,15.0907,72.23,67,16,9.28
337,Eureka,US,2022-10-03 22:51:51,40.8021,-124.1637,86.74,77,8,1.99
338,Suntar,RU,2022-10-03 22:51:51,62.1444,117.6319,28.63,94,100,6.02
339,Vila Velha,BR,2022-10-03 22:51:51,-20.3297,-40.2925,76.95,91,100,10.36
340,Bethel,US,2022-10-03 22:50:49,41.3712,-73.414,52.57,73,100,5.99
341,Lasem,ID,2022-10-03 22:51:52,-6.6922,111.4527,77.31,87,92,6.13
342,Bengkulu,ID,2022-10-03 22:51:52,-3.8004,102.2655,75.69,89,100,5.3
343,Petropavlovsk-Kamchatskiy,RU,2022-10-03 22:51:53,53.0452,158.6483,45.19,93,75,0.0
344,Acapulco,MX,2022-10-03 22:48:57,16.8634,-99.8901,82.81,77,24,10.02
345,Havoysund,NO,2022-10-03 22:51:53,70.9963,24.6622,43.03,69,57,7.7
346,Cascais,PT,2022-10-03 22:51:54,38.6979,-9.4215,73.51,87,1,13.0
347,Lompoc,US,2022-10-03 22:51:55,34.6391,-120.4579,82.02,68,0,5.99
348,Mandurah,AU,2022-10-03 22:51:56,-32.55,115.7,52.81,72,0,13.69
349,Gizo,SB,2022-10-03 22:51:56,-8.103,156.8419,83.35,72,100,4.63
350,Lysva,RU,2022-10-03 22:51:56,58.1086,57.8053,43.34,81,100,6.02
351,Gbely,SK,2022-10-03 22:51:57,48.718,17.1163,54.39,85,90,15.21
352,Qena,EG,2022-10-03 22:51:57,26.1615,32.7183,82.78,38,0,5.01
353,Kirakira,SB,2022-10-03 22:51:35,-10.4544,161.9205,82.15,78,57,8.08
354,Grindavik,IS,2022-10-03 22:51:58,63.8424,-22.4338,49.95,93,75,13.8
355,Alcacer Do Sal,PT,2022-10-03 22:51:58,38.3733,-8.5144,65.3,64,1,2.73
356,Buchanan,LR,2022-10-03 22:51:58,5.8808,-10.0467,75.09,91,58,4.41
357,Nemyriv,UA,2022-10-03 22:51:59,48.9708,28.8378,45.19,84,100,15.99
358,Ilula,TZ,2022-10-03 22:51:59,-7.6766,36.0366,57.94,62,49,4.74
359,Ahuimanu,US,2022-10-03 22:52:00,21.4447,-157.8378,85.6,64,20,11.5
360,Saint-Leu,RE,2022-10-03 22:52:00,-21.15,55.2833,68.86,74,58,2.24
361,Husavik,IS,2022-10-03 22:49:56,66.0449,-17.3389,44.02,89,100,7.85
362,Guiratinga,BR,2022-10-03 22:52:01,-16.3494,-53.7583,79.57,59,73,6.46
363,Los Llanos De Aridane,ES,2022-10-03 22:52:01,28.6585,-17.9182,73.13,57,100,6.91
364,Taltal,CL,2022-10-03 22:47:01,-25.4,-70.4833,58.12,75,20,5.21
365,Luwingu,ZM,2022-10-03 22:52:01,-10.2621,29.9271,64.17,28,0,3.94
366,Nemuro,JP,2022-10-03 22:52:02,43.3236,145.575,66.38,89,85,27.38
367,Praia,CV,2022-10-03 22:52:02,14.9215,-23.5087,79.34,83,75,16.11
368,Kalmar,SE,2022-10-03 22:53:03,56.6616,16.3616,49.96,92,2,9.22
369,Mount Gambier,AU,2022-10-03 22:53:04,-37.8333,140.7667,53.96,83,100,10.22
370,Isangel,VU,2022-10-03 22:52:47,-19.55,169.2667,77.11,83,100,4.61
371,Alcudia,ES,2022-10-03 22:53:04,39.8532,3.1214,70.25,72,100,5.61
372,Burnie,AU,2022-10-03 22:52:42,-41.0667,145.9167,55.94,48,44,4.72
373,Pa Sang,TH,2022-10-03 22:53:05,18.5262,98.9394,75.4,98,86,0.74
374,Chaman,PK,2022-10-03 22:53:05,30.9236,66.4512,64.49,18,0,2.93
375,Padang,ID,2022-10-03 22:53:06,-0.9492,100.3543,77.05,87,100,2.68
376,Camana,PE,2022-10-03 22:53:06,-16.6228,-72.7111,61.5,80,36,7.36
377,Ocos,GT,2022-10-03 22:53:06,14.5094,-92.1933,82.45,74,14,7.58
378,Ilulissat,GL,2022-10-03 22:53:07,69.2167,-51.1,18.39,86,20,4.56
379,Okulovka,RU,2022-10-03 22:53:07,58.4008,33.2908,42.75,87,88,10.56
380,Tommot,RU,2022-10-03 22:53:07,58.9564,126.2925,26.02,85,99,7.18
381,Klaksvik,FO,2022-10-03 22:53:08,62.2266,-6.589,52.72,97,100,33.98
382,Diapaga,BF,2022-10-03 22:53:08,12.0708,1.7889,78.69,79,8,9.35
383,Portland,US,2022-10-03 22:53:08,45.5234,-122.6762,84.27,49,3,5.99
384,Huicungo,PE,2022-10-03 22:53:09,-7.2833,-76.8,74.95,77,66,1.12
385,Huarmey,PE,2022-10-03 22:53:09,-10.0681,-78.1522,64.35,81,13,9.95
386,Noumea,NC,2022-10-03 22:50:49,-22.2763,166.4572,76.98,63,54,11.25
387,Bahia De Caraquez,EC,2022-10-03 22:53:10,-0.6,-80.4167,73.58,84,80,11.3
388,Camargo,MX,2022-10-03 22:53:10,27.6667,-105.1667,73.27,45,84,18.25
389,Vestmanna,FO,2022-10-03 22:53:11,62.1564,-7.1664,50.92,93,100,28.77
390,Cairns,AU,2022-10-03 22:53:11,-16.9167,145.7667,79.11,79,75,5.75
391,Skelleftea,SE,2022-10-03 22:52:45,64.7507,20.9528,46.76,100,100,3.44
392,Rudkobing,DK,2022-10-03 22:53:11,54.9364,10.7102,53.98,91,100,14.76
393,Kurilsk,RU,2022-10-03 22:53:12,45.2333,147.8833,59.99,91,100,20.13
394,Nautla,MX,2022-10-03 22:53:12,20.2167,-96.7833,79.81,67,34,10.54
395,Daru,PG,2022-10-03 22:53:13,-9.0763,143.2092,82.06,83,22,15.75
396,Bo Phloi,TH,2022-10-03 22:53:13,14.3236,99.5161,73.74,97,100,5.32
397,Meulaboh,ID,2022-10-03 22:53:13,4.1363,96.1285,74.28,94,100,3.62
398,Teya,RU,2022-10-03 22:53:14,60.3778,92.6267,26.02,89,72,3.65
399,Saratoga Springs,US,2022-10-03 22:49:46,43.0831,-73.7846,54.32,75,100,3.78
400,Cabo San Lucas,MX,2022-10-03 22:51:05,22.8909,-109.9124,88.18,61,1,5.61
401,Poya,NC,2022-10-03 22:53:14,-21.35,165.15,75.29,54,54,10.49
402,Riyadh,SA,2022-10-03 22:52:49,24.6877,46.7219,80.74,22,0,4.52
403,Derzhavinsk,KZ,2022-10-03 22:53:15,51.1,66.3167,34.83,54,1,7.9
404,Charters Towers,AU,2022-10-03 22:53:15,-20.1,146.2667,76.32,61,67,16.42
405,Kitimat,CA,2022-10-03 22:53:16,54.0524,-128.6534,61.18,50,55,1.48
406,Jalu,LY,2022-10-03 22:53:16,29.0331,21.5482,72.55,69,0,14.9
407,Traverse City,US,2022-10-03 22:50:56,44.7631,-85.6206,64.47,59,75,6.91
408,Doka,SD,2022-10-03 22:53:17,13.5167,35.7667,70.52,94,100,7.27
409,Reinosa,ES,2022-10-03 22:53:17,42.9996,-4.138,50.47,52,73,2.73
410,Xuddur,SO,2022-10-03 22:53:17,4.1213,43.8894,70.84,74,41,11.03
411,Moose Factory,CA,2022-10-03 22:53:18,51.2585,-80.6094,69.8,59,100,5.75
412,Teguise,ES,2022-10-03 22:53:18,29.0605,-13.564,75.42,44,0,14.97
413,Villa Carlos Paz,AR,2022-10-03 22:53:18,-31.4241,-64.4978,73.38,15,30,8.77
414,Emba,KZ,2022-10-03 22:54:19,48.8264,58.1442,42.4,27,2,9.15
415,Adrar,MR,2022-10-03 22:54:19,20.5022,-10.0711,92.23,27,96,6.58
416,Tallahassee,US,2022-10-03 22:50:41,30.4383,-84.2807,80.44,56,20,11.5
417,Tairua,NZ,2022-10-03 22:54:20,-37.0167,175.85,55.69,73,98,6.11
418,Ulagan,RU,2022-10-03 22:54:20,50.6321,87.9563,20.26,68,0,2.86
419,Hovd,MN,2022-10-03 22:54:21,48.0056,91.6419,22.57,37,0,2.82
420,Akyab,MM,2022-10-03 22:54:21,20.15,92.9,78.96,87,100,6.44
421,Narsaq,GL,2022-10-03 22:54:22,60.9167,-46.05,33.44,64,38,4.85
422,Samfya,ZM,2022-10-03 22:54:22,-11.3649,29.5565,72.91,31,0,11.83
423,Le Pradet,FR,2022-10-03 22:54:22,43.1066,6.0172,70.63,74,0,4.61
424,Kargil,IN,2022-10-03 22:54:23,34.5667,76.1,42.48,57,0,5.21
425,Sola,VU,2022-10-03 22:54:23,-13.8833,167.55,84.87,74,23,0.0
426,Yuli,NG,2022-10-03 22:54:23,9.6989,10.2744,74.32,91,73,4.18
427,Tchollire,CM,2022-10-03 22:54:24,8.4022,14.1698,72.55,94,98,2.46
428,Borzya,RU,2022-10-03 22:54:24,50.3833,116.5167,21.47,88,8,3.87
429,Oum Hadjer,TD,2022-10-03 22:54:25,13.2954,19.6966,77.81,67,85,11.79
430,Paris,FR,2022-10-03 22:49:27,48.8534,2.3488,51.15,93,75,3.44
431,Marystown,CA,2022-10-03 22:54:26,47.1666,-55.1483,46.6,65,12,9.71
432,Aksarka,RU,2022-10-03 22:54:26,66.5606,67.7975,34.75,93,76,12.5
433,Penzance,GB,2022-10-03 22:54:26,50.1186,-5.5371,59.68,89,46,13.33
434,George,ZA,2022-10-03 22:54:27,-33.963,22.4617,56.75,77,75,9.22
435,Aramil,RU,2022-10-03 22:54:27,56.6977,60.8369,53.71,50,0,7.0
436,Alice Springs,AU,2022-10-03 22:54:05,-23.7,133.8833,69.35,88,40,5.75
437,Prince Albert,CA,2022-10-03 22:50:35,53.2001,-105.7677,66.15,30,40,4.61
438,Chimbote,PE,2022-10-03 22:54:28,-9.0853,-78.5783,63.39,81,12,11.21
439,Bananeiras,BR,2022-10-03 22:54:28,-6.75,-35.6333,65.21,84,5,9.06
440,Geraldton,AU,2022-10-03 22:54:28,-28.7667,114.6,55.81,62,0,12.66
441,Kaniama,CD,2022-10-03 22:54:29,-7.5667,24.1833,65.34,86,95,2.75
442,Oranjemund,NA,2022-10-03 22:52:22,-28.55,16.4333,56.75,94,32,12.88
443,Balkhash,KZ,2022-10-03 22:54:29,46.844,74.9804,42.13,36,14,21.41
444,Severomuysk,RU,2022-10-03 22:54:30,56.1481,113.4267,4.44,96,90,3.29
445,Deputatskiy,RU,2022-10-03 22:54:30,69.3,139.9,11.17,94,98,4.36
446,Severnyy,RU,2022-10-03 22:54:30,50.677,36.5532,50.04,81,0,8.95
447,Mandera,KE,2022-10-03 22:54:31,3.9366,41.867,76.75,57,35,18.41
448,Pierre,US,2022-10-03 22:54:31,44.3683,-100.351,73.06,44,96,5.01
449,Kristiinankaupunki,FI,2022-10-03 22:54:31,62.2743,21.376,44.65,92,60,5.61
450,Tilichiki,RU,2022-10-03 22:54:32,60.4667,166.1,35.01,76,100,4.97
451,Uspenka,UA,2022-10-03 22:54:32,48.3903,39.1619,54.27,82,100,8.32
452,Guilin,CN,2022-10-03 22:54:33,25.2819,110.2864,73.51,77,6,0.87
453,Montepuez,MZ,2022-10-03 22:54:33,-13.1256,38.9997,65.23,66,0,5.86
454,Faranah,GN,2022-10-03 22:54:33,10.0404,-10.7434,71.1,96,70,1.9
455,Magistralnyy,RU,2022-10-03 22:54:34,56.1725,107.4458,25.63,95,87,1.39
456,Mizan Teferi,ET,2022-10-03 22:54:34,6.9833,35.5833,61.0,96,100,3.27
457,Tomatlan,MX,2022-10-03 22:54:34,19.9333,-105.25,74.5,96,100,3.33
458,Mar Del Plata,AR,2022-10-03 22:54:35,-38.0023,-57.5575,54.09,81,0,9.22
459,Dudinka,RU,2022-10-03 22:54:35,69.4058,86.1778,34.63,90,100,26.06
460,Inta,RU,2022-10-03 22:54:36,66.0317,60.1659,38.41,87,100,9.28
461,Morgan City,US,2022-10-03 22:55:36,29.6994,-91.2068,82.02,43,31,4.65
462,Denpasar,ID,2022-10-03 22:55:36,-8.65,115.2167,74.86,100,40,1.14
463,Hammerfest,NO,2022-10-03 22:55:37,70.6634,23.6821,41.45,70,100,6.91
464,Lenger,KZ,2022-10-03 22:55:37,42.183,69.8839,44.04,38,1,3.96
465,Vestmannaeyjar,IS,2022-10-03 22:55:38,63.4427,-20.2734,49.87,84,100,24.65
466,Saint Louis Park,US,2022-10-03 22:55:11,44.9483,-93.348,75.74,43,100,3.0
467,Paraiso,CR,2022-10-03 22:55:38,9.8383,-83.8656,70.41,94,77,2.82
468,Berezovyy,RU,2022-10-03 22:55:38,51.6667,135.7,33.49,79,99,3.42
469,Puerto Del Rosario,ES,2022-10-03 22:55:39,28.5004,-13.8627,73.15,83,100,9.22
470,Soyo,AO,2022-10-03 22:55:39,-6.1349,12.3689,75.25,87,94,8.66
471,Shumskiy,RU,2022-10-03 22:55:40,54.8318,99.1328,25.07,97,98,1.68
472,Sorland,NO,2022-10-03 22:55:40,67.667,12.6934,46.26,83,96,19.62
473,Santa Cruz,BO,2022-10-03 22:51:20,-17.8,-63.1667,86.05,39,20,4.61
474,Mustasaari,FI,2022-10-03 22:55:40,63.1142,21.6822,46.35,93,100,2.3
475,Doha,QA,2022-10-03 22:55:41,25.2867,51.5333,85.98,84,0,6.91
476,Santa Marta,CO,2022-10-03 22:54:47,11.2408,-74.199,91.45,58,20,9.22
477,Banfora,BF,2022-10-03 22:55:41,10.6333,-4.7667,76.14,84,40,1.1
478,Westport,US,2022-10-03 22:55:42,41.1415,-73.3579,52.93,81,100,7.0
479,Masunga,BW,2022-10-03 22:55:42,-20.6246,27.4488,70.23,27,0,7.36
480,Alexandria,EG,2022-10-03 22:55:43,31.2156,29.9553,75.74,56,0,15.79
481,Cockburn Town,TC,2022-10-03 22:55:43,21.4612,-71.1419,83.52,67,99,2.39
482,Bardiyah,LY,2022-10-03 22:55:44,31.7561,25.0865,73.54,74,0,12.71
483,Waterloo,CA,2022-10-03 22:54:37,43.4668,-80.5164,61.29,23,0,4.61
484,San Cristobal,VE,2022-10-03 22:55:44,7.7669,-72.225,80.78,80,19,3.33
485,Aschersleben,DE,2022-10-03 22:55:45,51.75,11.4667,54.95,86,66,7.45
486,Smila,UA,2022-10-03 22:55:45,49.2224,31.8871,49.8,85,100,11.86
487,Le Port,RE,2022-10-03 22:55:46,-20.9373,55.2919,69.8,78,33,4.56
488,Stepnyak,KZ,2022-10-03 22:55:46,52.8339,70.7803,32.5,64,0,1.39
489,San Patricio,US,2022-10-03 22:55:46,28.017,-97.5169,84.54,33,100,5.82
490,Marinette,US,2022-10-03 22:55:47,45.1,-87.6307,64.49,55,0,5.75
491,Hamilton,US,2022-10-03 22:53:01,39.1834,-84.5333,67.87,42,3,3.0
492,Berbera,SO,2022-10-03 22:55:47,10.4396,45.0143,87.73,70,2,4.45
493,Nara,JP,2022-10-03 22:52:53,34.6851,135.8049,77.97,52,68,2.89
494,Kemijarvi,FI,2022-10-03 22:55:48,66.7131,27.4306,39.65,93,100,2.51
495,Shizunai,JP,2022-10-03 22:53:09,42.3339,142.3669,65.01,93,100,13.94
496,Cururupu,BR,2022-10-03 22:55:48,-1.8283,-44.8683,75.11,86,41,4.21
497,Tufesti,RO,2022-10-03 22:55:49,45.05,27.8167,54.01,61,54,5.61
498,Almeirim,BR,2022-10-03 22:55:49,-1.5233,-52.5817,83.73,52,66,4.0
499,Den Helder,NL,2022-10-03 22:55:49,52.9599,4.7593,57.18,88,75,8.99
500,Airai,TL,2022-10-03 22:55:50,-8.9266,125.4092,65.08,85,100,1.34
501,Saurimo,AO,2022-10-03 22:55:50,-9.6608,20.3916,68.38,69,42,3.4
502,Dunkirk,FR,2022-10-03 22:55:50,51.05,2.3667,51.1,88,100,9.53
503,Skjervoy,NO,2022-10-03 22:55:51,70.0311,20.9714,39.2,75,100,10.89
504,Gorodishche,RU,2022-10-03 22:55:51,48.8045,44.4744,47.28,93,0,4.47
505,Joshimath,IN,2022-10-03 22:55:52,30.5667,79.5667,63.43,62,79,4.59
506,Barentu,ER,2022-10-03 22:55:52,15.1139,37.5928,74.23,55,21,4.76
507,Davao,PH,2022-10-03 22:55:53,6.813,125.7085,77.18,79,100,6.69
508,Kushima,JP,2022-10-03 22:56:53,31.4583,131.2333,77.5,82,25,4.97
509,Tukrah,LY,2022-10-03 22:56:53,32.5341,20.5791,74.44,70,44,9.26
510,Gladstone,AU,2022-10-03 22:56:54,-23.85,151.25,74.79,49,2,14.97
511,Merauke,ID,2022-10-03 22:56:54,-8.4667,140.3333,82.47,75,73,12.8
512,Tocopilla,CL,2022-10-03 22:56:55,-22.092,-70.1979,61.41,67,21,6.69
513,Bakel,SN,2022-10-03 22:56:55,14.905,-12.4568,85.15,62,80,6.49
514,Mayor Pablo Lagerenza,PY,2022-10-03 22:56:55,-19.9309,-60.7718,77.65,35,62,5.08
515,Mora,CM,2022-10-03 22:56:56,11.0461,14.1401,76.24,75,100,2.75
516,Skagen,DK,2022-10-03 22:56:56,57.7209,10.5839,54.66,81,100,7.4
517,Ostersund,SE,2022-10-03 22:56:56,63.1792,14.6357,45.61,93,100,6.91
518,Shu,KZ,2022-10-03 22:56:57,43.5983,73.7614,54.01,32,61,3.96
519,Flinders,AU,2022-10-03 22:56:57,-34.5833,150.8552,66.38,72,94,4.0
520,Vung Tau,VN,2022-10-03 22:53:53,10.346,107.0843,80.83,83,69,13.87
521,Boizenburg,DE,2022-10-03 22:56:58,53.3833,10.7167,53.13,97,98,6.93
522,Mana,GF,2022-10-03 22:53:38,5.6592,-53.7767,79.36,87,73,8.32
523,Amberley,US,2022-10-03 22:56:58,39.2048,-84.428,66.15,42,3,1.99
524,Dabhol,IN,2022-10-03 22:56:59,17.6,73.1667,73.99,92,100,5.5
525,Bowen,AU,2022-10-03 22:56:59,-20.0167,148.2333,75.81,67,93,17.85
526,Ornskoldsvik,SE,2022-10-03 22:57:00,63.2909,18.7153,43.75,87,6,5.75
527,Mount Isa,AU,2022-10-03 22:53:43,-20.7333,139.5,80.37,39,55,12.66
528,Kindu,CD,2022-10-03 22:57:00,-2.95,25.95,68.49,98,71,1.74
529,Prainha,BR,2022-10-03 22:57:00,-1.8,-53.48,82.51,53,54,3.69
530,Bubaque,GW,2022-10-03 22:57:01,11.2833,-15.8333,82.11,75,74,6.42
531,Iskateley,RU,2022-10-03 22:57:01,67.6803,53.1512,35.15,91,61,7.72
532,Port Hardy,CA,2022-10-03 22:57:02,50.6996,-127.4199,59.18,82,20,4.61
533,Weston,US,2022-10-03 22:57:02,26.1004,-80.3998,84.02,63,53,5.01
534,Ayorou,NE,2022-10-03 22:57:02,14.7308,0.9174,93.36,18,3,1.05
535,Paamiut,GL,2022-10-03 22:57:03,61.994,-49.6678,37.22,71,1,15.08
536,Teberda,RU,2022-10-03 22:57:03,43.4456,41.7448,52.14,88,83,8.08
537,Salinopolis,BR,2022-10-03 22:57:03,-0.6136,-47.3561,79.95,79,80,12.44
538,Te Anau,NZ,2022-10-03 22:57:04,-45.4167,167.7167,47.16,76,100,7.31
539,Ayagoz,KZ,2022-10-03 22:57:04,47.9714,80.4392,34.43,34,10,13.02
540,Mandali,IQ,2022-10-03 22:57:05,33.7499,45.5541,81.05,15,0,4.97
541,Baiyin,CN,2022-10-03 22:57:05,36.5583,104.2081,48.09,65,94,2.39
542,Chernyshevsk,RU,2022-10-03 22:57:05,52.5243,117.0174,22.93,48,7,2.3
543,Agirish,RU,2022-10-03 22:57:06,61.9247,63.0231,44.51,95,86,5.55
544,Fortuna,US,2022-10-03 22:57:06,40.5982,-124.1573,64.92,75,7,1.01
545,Havre-Saint-Pierre,CA,2022-10-03 22:52:21,50.2334,-63.5986,46.4,81,0,13.8
546,Nabire,ID,2022-10-03 22:57:07,-3.3667,135.4833,76.32,92,100,3.18
547,Matara,LK,2022-10-03 22:57:07,5.9485,80.5353,77.27,87,91,14.18
548,Egvekinot,RU,2022-10-03 22:57:07,66.3167,-179.1667,26.65,76,55,9.04
549,Dauphin,CA,2022-10-03 22:57:08,51.1494,-100.0502,68.14,56,0,9.22
550,Bereda,ES,2022-10-03 22:57:08,43.2686,-7.5406,61.41,100,3,1.86
551,Roald,NO,2022-10-03 22:57:09,62.5833,6.1333,57.16,82,100,10.36
552,Tiznit,MA,2022-10-03 22:57:09,29.5833,-9.5,78.22,27,0,0.45
553,Qandala,SO,2022-10-03 22:57:09,11.472,49.8728,84.83,57,3,2.71
554,Freeport,US,2022-10-03 22:57:10,40.6576,-73.5832,52.02,82,100,7.0
555,Palm City,US,2022-10-03 22:54:40,27.1678,-80.2662,81.05,66,40,7.0
556,Port Keats,AU,2022-10-03 22:58:10,-14.25,129.55,83.88,66,59,5.28
557,The Valley,AI,2022-10-03 22:58:11,18.217,-63.0578,82.54,78,40,12.66
558,San Quintin,MX,2022-10-03 22:58:11,30.4833,-115.95,71.28,76,63,13.53
559,Batticaloa,LK,2022-10-03 22:58:11,7.7102,81.6924,78.06,72,72,6.93
560,Tadine,NC,2022-10-03 22:58:12,-21.55,167.8833,73.17,62,68,15.57
561,Atambua,ID,2022-10-03 22:58:12,-9.1061,124.8925,78.06,77,100,1.99
562,Innisfail,AU,2022-10-03 22:56:30,-17.5333,146.0333,78.04,74,79,9.53
563,Willmar,US,2022-10-03 22:58:12,45.1219,-95.0433,78.75,22,0,6.91
564,Ampanihy,MG,2022-10-03 22:58:13,-24.7,44.75,66.27,79,0,4.61
565,Pacific Grove,US,2022-10-03 22:55:32,36.6177,-121.9166,79.02,72,0,10.0
566,Tucuma,BR,2022-10-03 22:58:13,-0.1833,-50.05,77.81,88,84,7.7
567,Jiangyou,CN,2022-10-03 22:57:15,31.7667,104.7167,63.01,85,100,2.73
568,Salinas,US,2022-10-03 22:58:14,36.6777,-121.6555,84.56,63,0,8.41
569,Gashua,NG,2022-10-03 22:58:14,12.871,11.0482,86.29,48,82,8.1
570,Buy,RU,2022-10-03 22:58:15,58.4786,41.53,48.04,84,45,10.63
571,Roma,US,2022-10-03 22:54:09,43.2128,-75.4557,51.66,77,100,1.99
572,Araguaina,BR,2022-10-03 22:58:15,-7.1911,-48.2072,86.65,25,13,0.94
573,Fort Nelson,CA,2022-10-03 22:58:16,58.8053,-122.7002,60.39,31,75,4.61
574,Luderitz,NA,2022-10-03 22:58:16,-26.6481,15.1594,58.33,79,4,19.08
575,Morondava,MG,2022-10-03 22:58:16,-20.2833,44.2833,70.77,90,1,4.9
576,Tricase,IT,2022-10-03 22:58:17,39.9304,18.3553,71.31,58,3,20.38
577,Goksun,TR,2022-10-03 22:55:20,38.021,36.4973,58.82,81,2,4.61
578,Jaslo,PL,2022-10-03 22:58:17,49.7451,21.4725,49.19,91,80,17.09
579,Porto Seguro,BR,2022-10-03 22:58:18,-16.4497,-39.0647,77.52,83,20,9.22
580,Letlhakane,BW,2022-10-03 22:58:18,-21.4167,25.5833,73.04,24,0,5.55
581,Inhambane,MZ,2022-10-03 22:58:18,-23.865,35.3833,71.94,89,0,11.59
582,Micheweni,TZ,2022-10-03 22:58:19,-4.9667,39.8333,73.67,83,17,11.14
583,Lubango,AO,2022-10-03 22:54:20,-14.9172,13.4925,61.84,69,88,3.71
584,Brigantine,US,2022-10-03 22:58:19,39.4101,-74.3646,52.02,93,100,11.01
585,Marshall,US,2022-10-03 22:54:26,34.3834,-86.3333,73.94,54,0,5.99
586,Iwanai,JP,2022-10-03 22:58:20,42.9744,140.5089,63.34,98,100,7.94
587,Bodden Town,KY,2022-10-03 22:58:20,19.2833,-81.25,84.2,65,20,10.36
588,Taoudenni,ML,2022-10-03 22:58:21,22.6783,-3.9836,94.95,19,25,13.0
589,Weligama,LK,2022-10-03 22:58:21,5.9667,80.4167,77.25,87,90,14.58
